Id,BIRTHDATE,DEATHDATE,SSN,DRIVERS,PASSPORT,PREFIX,FIRST,MIDDLE,LAST,SUFFIX,MAIDEN,MARITAL,RACE,ETHNICITY,GENDER,BIRTHPLACE,ADDRESS,CITY,STATE,COUNTY,FIPS,ZIP,LAT,LON,HEALTHCARE_EXPENSES,HEALTHCARE_COVERAGE,INCOME
a8e4efa2-6ba3-5c58-0de7-08ded500f18b,2016-09-26,,999-84-7994,,,,Florene115,,Larkin917,,,,white,nonhispanic,F,North Andover  Massachusetts  US,728 Harvey Center,Upton,Massachusetts,Worcester County,25027,01568,42.17449857984588,-71.62403438690565,14687.41,6435.81,744013
2b163ea2-0805-4547-7dd4-e7581df8f57f,2009-05-24,,999-64-3686,,,,Elizabeth24,Dorthea49,Mitchell808,,,,white,nonhispanic,F,Boston  Massachusetts  US,277 Keebler Camp Suite 75,Tewksbury,Massachusetts,Middlesex County,,00000,42.61768696158023,-71.25459673693707,55037.24,141914.86,170766
1bf4010f-bcff-26a1-a587-23c1ffbfab50,1991-11-27,,999-46-8189,S99963710,X43151165X,Mr.,Shayne60,Stephen891,Lebsack687,,,M,white,nonhispanic,M,Northfield  Massachusetts  US,689 Kessler Trace Apt 34,Cambridge,Massachusetts,Middlesex County,25017,02139,42.401213443789864,-71.04683578201153,63929.35,530.23,122663
36fea4ad-a0b1-deee-868f-c07329a6e625,1985-04-21,,999-14-8076,S99947668,X85882065X,Mrs.,Genevieve884,,Maggio310,,Jast432,M,white,nonhispanic,F,Woburn  Massachusetts  US,756 Jakubowski Ramp,New Bedford,Massachusetts,Bristol County,25005,02746,41.65173599293812,-70.94070546830288,11660.70,906971.78,6491
b42962c0-c3ee-4add-7012-2ceac54e2040,2012-12-17,,999-79-2806,,,,Danial835,Alvin56,Boyer713,,,,white,nonhispanic,M,Acton  Massachusetts  US,313 Schimmel Trafficway Apt 4,Ayer,Massachusetts,Middlesex County,25017,01432,42.57556561000168,-71.52560188828764,30202.96,0.00,126873
bc5fb829-f171-9ff1-9b93-32da8bce3ede,1976-04-26,,999-46-9754,S99916822,X79295315X,Mrs.,Cristine925,Jessi630,Howe413,,Romaguera67,D,white,nonhispanic,F,Barnstable  Massachusetts  US,332 Hilll Well,Boston,Massachusetts,Suffolk County,25025,02108,42.35886940992185,-71.07704085720314,643746.91,549467.35,43994
68f6d110-462b-ce7c-0a8c-5cc4b1de2aec,1969-02-12,,999-28-4593,S99994895,X26339893X,Mr.,Dane516,Arnoldo445,Trantow673,,,M,black,nonhispanic,M,Billerica  Massachusetts  US,1045 Eichmann Overpass Apt 25,Brockton,Massachusetts,Plymouth County,25023,02351,42.1211651729953,-71.02870204820441,180977.45,1061200.81,25411
52831a4a-c8b3-9dae-448a-e2a0b136793e,1997-02-11,,999-74-6490,S99932806,X8076191X,Mrs.,China583,Leida589,Conn188,,McKenzie376,M,asian,nonhispanic,F,Shanghai  Shanghai Municipality  CN,215 O'Connell Gate Unit 58,Maynard,Massachusetts,Middlesex County,25017,01754,42.41870325519412,-71.47810044528615,169089.31,0.00,110122
90282295-c56d-a741-2ec3-114da9541245,2016-03-15,,999-64-2205,,,,Alberto639,,Von197,,,,white,nonhispanic,M,Springfield  Massachusetts  US,218 Brown Key,Grafton,Massachusetts,Worcester County,,00000,42.217095179259154,-71.64253900143926,5584.70,22388.27,62593
f7badba0-4515-e01e-d486-1fcd89b997f2,1961-04-17,,999-14-1081,S99980296,X21201168X,Mrs.,Loree183,Melynda458,Ferry570,,Powlowski563,M,white,nonhispanic,F,Northampton  Massachusetts  US,549 Koss Street Unit 23,Cambridge,Massachusetts,Middlesex County,25017,02139,42.33096453756266,-71.10146655576855,243829.64,357431.60,580895
0d205ade-5d95-9c2c-b957-5bfa2335351d,2000-05-22,,999-11-9780,S99990759,X84999228X,Ms.,Dorris197,Kenyetta225,Frami345,,,,asian,nonhispanic,F,Macau  Macao Special Administrative Region of the People's Republic of China  CN,1058 Johnson Way Unit 16,Watertown,Massachusetts,Middlesex County,25017,02472,42.417594313415506,-71.14454175494653,4765.98,58490.35,4738
b9533745-ded6-8446-8bda-e4de27b1e1e0,1984-03-20,,999-84-6625,S99992420,X69445686X,Mr.,Winford225,Jewel43,Strosin214,,,S,white,nonhispanic,M,Mansfield  Massachusetts  US,469 Bradtke Way,Milford,Massachusetts,Worcester County,25027,01757,42.18125458569307,-71.47687012407796,68872.06,9562.21,28775
2e3b4a14-e9dd-ec41-b878-71f8b563bc37,1981-12-20,,999-14-7342,S99941128,X67835609X,Mr.,Myron933,Roberto515,Hirthe744,,,M,black,nonhispanic,M,Seekonk  Massachusetts  US,1020 Kassulke Gardens Unit 31,Middleborough,Massachusetts,Plymouth County,,00000,41.90415438897789,-70.84515206776794,7696.62,122829.04,3118
8abf6ffc-25f6-181c-bd16-3f2da7a57199,1954-09-15,2013-10-12,999-51-7155,S99998527,X89438087X,Ms.,Bobby524,,Harris789,,,S,white,nonhispanic,F,Taunton  Massachusetts  US,690 Prohaska Mews Unit 41,Harwich Center,Massachusetts,Barnstable County,,00000,41.73591401525225,-70.02902141826718,1284887.12,527040.21,100541
bbae32f3-a742-b7c1-5b2e-71835cb55fd9,1977-11-12,,999-39-1958,S99980184,X75673027X,Mr.,Jeramy610,Carmen818,Anderson154,,,S,asian,nonhispanic,M,Worcester  Massachusetts  US,213 McCullough Alley,Haverhill,Massachusetts,Essex County,25009,01835,42.82589854283806,-71.11853124971066,126426.36,48368.42,113076
e7a1a4df-c177-8fed-42d2-d0aaf8d18c5f,2019-04-16,,999-33-2597,,,,Crissy767,,Huels583,,,,other,hispanic,F,Somerville  Massachusetts  US,1031 Schaefer Camp Suite 84,Palmer,Massachusetts,Hampden County,25013,01095,42.23196016919806,-72.37122857727778,17611.76,0.00,105439
aa9e2d7a-838a-de54-04fc-c37d650f13e3,1975-04-16,2009-11-17,999-53-3657,S99926402,X57053306X,Mrs.,Lili474,,Bosco882,,Block661,M,white,nonhispanic,F,Tewksbury  Massachusetts  US,860 Schinner Highlands Suite 70,Mansfield,Massachusetts,Bristol County,,00000,42.049786547810044,-71.24306219271531,171740.25,185391.24,134667
7925ed43-5ff6-2547-acc6-5e8214bb943a,2023-06-02,,999-92-3651,,,,Jimmie93,Arron144,Kreiger457,,,,white,nonhispanic,M,Leicester  Massachusetts  US,970 Kling Wynd,Lawrence,Massachusetts,Essex County,25009,01840,42.70546815336506,-71.14093266098772,6438.69,2939.48,72788
b4e89d27-66b2-d0c2-4807-d2771ef4eb54,1976-10-29,,999-99-4348,S99945466,X64131122X,Mr.,Damien170,Quintin944,Ratke343,,,M,white,nonhispanic,M,West Bridgewater  Massachusetts  US,307 Feil Run Unit 5,Worcester,Massachusetts,Worcester County,25027,01602,42.295447978222505,-71.84745839724731,120375.29,4203.36,48840
5c070359-548d-77dd-650e-b31bb8b14732,1962-03-06,,999-63-4056,S99963562,X12466304X,Mr.,Bradley693,Gonzalo160,Gorczany269,,,S,white,nonhispanic,M,Lynnfield  Massachusetts  US,794 Aufderhar Viaduct,Marlborough,Massachusetts,Middlesex County,25017,01752,42.372643932238645,-71.53332787401828,462395.09,305515.01,57705
389b073a-0261-e26a-614b-f6ac59e38073,1977-04-02,,999-64-6822,S99987468,X29253026X,Mrs.,Sachiko982,Yon80,Hahn503,,Reilly981,M,white,nonhispanic,F,Milton  Massachusetts  US,1084 Schaefer Extension,Everett,Massachusetts,Middlesex County,25017,02149,42.42699068331164,-71.054475337742,657496.63,363920.07,116002
6087956b-9234-6125-5cdb-67040e932687,2011-01-26,,999-47-9447,,,,Ileen763,Lilla884,Windler79,,,,white,nonhispanic,F,Framingham  Massachusetts  US,270 Williamson Skyway Unit 59,Acushnet,Massachusetts,Bristol County,,00000,41.738266438480565,-70.90685705023273,36369.48,3606.80,50568
8fd07f98-58fa-a1e1-2be7-c8d80085265b,2006-12-01,,999-34-7792,S99989472,,Ms.,Vera718,Golden321,Gorczany269,,,,white,hispanic,F,Billerica  Massachusetts  US,1081 Leuschke Harbor Unit 83,Southwick,Massachusetts,Hampden County,,00000,42.04306412268491,-72.73851080898626,79052.29,662415.15,62402
fe4b7398-62cd-0369-e3ea-4b9fcd16f00f,2024-09-28,,999-32-4964,,,,Jessica140,Kristan816,Dare640,,,,black,nonhispanic,F,Georgetown  Massachusetts  US,900 Smith Neck,Boston,Massachusetts,Suffolk County,25025,02126,42.35285739222445,-71.08463849597631,2026.53,0.00,93430
cd957bf4-e8b8-63e9-e12d-9e49e0824f62,1982-02-27,,999-47-7906,S99935204,X12912488X,Mrs.,Joelle163,Micki733,Thiel172,,Haag279,D,white,nonhispanic,F,Boston  Massachusetts  US,787 Kemmer Village Apt 40,Braintree,Massachusetts,Norfolk County,25021,02184,42.18377363723026,-71.02060668674346,246050.17,329663.83,134172
19138d8f-d12e-7372-e050-888dfd4a55ef,1954-09-15,,999-17-1230,S99970684,X37590392X,Mrs.,Shirly501,Ashlie138,Waelchi213,,VonRueden376,D,white,nonhispanic,F,Newton  Massachusetts  US,317 Gusikowski Byway Apt 40,Harwich Center,Massachusetts,Barnstable County,,00000,41.69911938088927,-70.07371715456668,554828.45,89292.58,100541
e04c687d-16c5-446c-7a0f-86ec69cc340c,1949-10-05,,999-58-4955,S99985940,X77987374X,Mr.,Mitchell808,Dante562,Botsford977,,,S,white,nonhispanic,M,Easthampton  Massachusetts  US,1041 Collier Trail,Haverhill,Massachusetts,Essex County,25009,01830,42.754641144814066,-71.0879288883161,286916.93,139698.30,56770
46048de4-ea1a-70dd-9a52-f6d1b3efd73c,2000-08-22,,999-51-7881,S99938172,X51412516X,Ms.,Cheri871,Alaine226,Ritchie586,,,,white,nonhispanic,F,Marshfield  Massachusetts  US,255 Murphy Corner Suite 99,Billerica,Massachusetts,Middlesex County,,00000,42.60405636314094,-71.21814701711753,57400.58,290521.17,114046
6d885efc-f6d0-c916-d0c4-9fc1ae99d48d,2002-10-31,,999-10-4938,S99924903,X60194579X,Mr.,Melvin857,Julian715,Mills423,,,,white,nonhispanic,M,Newton  Massachusetts  US,157 Donnelly Mews Unit 39,Cambridge,Massachusetts,Middlesex County,25017,02138,42.438928554586475,-71.11138934154884,84640.97,0.00,90372
1ccbdbf1-901d-365d-c74f-e06a43595471,1965-12-24,,999-72-1584,S99915749,X7510253X,Mr.,Luciano237,Refugio197,Dicki44,,,D,black,nonhispanic,M,Melrose  Massachusetts  US,772 Wolff Estate,Ludlow,Massachusetts,Hampden County,,00000,42.189618421104925,-72.41087841266318,124558.26,122788.75,57074
80f766c1-26d9-d010-161b-d7ae3615c96b,2013-11-24,,999-60-9884,,,,Yolando662,Cathleen724,Carter549,,,,black,nonhispanic,F,Lexington  Massachusetts  US,776 Rohan Mews,Acton,Massachusetts,Middlesex County,,00000,42.49273377823703,-71.40304541715045,23466.29,18.87,53173
5f19da7d-b391-a495-0d3a-564c20953945,1952-10-02,1955-04-13,999-24-6504,,,,Boyce638,Bryce11,Mohr916,,,,white,nonhispanic,M,Fall River  Massachusetts  US,348 Rath Track,Somerville,Massachusetts,Middlesex County,25017,02144,42.34620496667344,-71.08300949661526,907.21,19079.51,10662
5a427495-cba5-62a2-5645-281386652454,2008-09-11,,999-15-7053,S99954806,,,Burt293,Bud153,King743,,,,black,nonhispanic,M,Somerville  Massachusetts  US,719 Ruecker Fort,Northampton,Massachusetts,Hampshire County,25015,01053,42.292591524068634,-72.71904432599327,40283.26,3001.84,114533
5863bc15-d589-a6e2-00f2-d98c53916134,1986-09-15,,999-77-6319,S99988073,X1744618X,Mrs.,Willene254,,Kemmer137,,Kuhlman484,M,white,nonhispanic,F,Yarmouth Port  Massachusetts  US,480 Bosco Flat,North Attleborough,Massachusetts,Bristol County,,00000,41.971312108051,-71.2932840889141,217777.97,280160.35,97302
6f28c670-004c-6808-c9a7-c479097177ca,2018-09-02,,999-30-7649,,,,Chere867,Rochell365,Stark857,,,,white,nonhispanic,F,Westfield  Massachusetts  US,453 Franecki Vista,Cohasset,Massachusetts,Norfolk County,,00000,42.2130034343457,-70.82195457839967,25317.27,3693.34,826569
509ac892-76ea-9298-6bf8-5bf885bb844b,1952-08-31,,999-62-5835,S99975439,X35919439X,Mrs.,Berneice173,,McLaughlin530,,Gusikowski974,M,white,nonhispanic,F,Brookline  Massachusetts  US,654 Turcotte Passage,Gloucester,Massachusetts,Essex County,25009,01930,42.65176105908283,-70.7026301914045,374128.71,1177086.33,154318
68d8b923-fcd6-3253-93ef-dc615b19cc7e,1984-03-15,,999-43-6419,S99989125,X62689239X,Ms.,Francie486,Michael441,Glover433,,,S,white,nonhispanic,F,Chelmsford  Massachusetts  US,978 Leffler Dam,Boston,Massachusetts,Suffolk County,25025,02126,42.395305488630974,-71.11968353557194,645817.67,1246370.72,49107
bd2e214c-139a-a2ca-ac81-4beac36969df,1970-02-24,,999-17-3469,S99968986,X53403906X,Ms.,Enriqueta274,,O'Keefe54,,,S,white,nonhispanic,F,Williamstown  Massachusetts  US,328 Fadel Center,Millis,Massachusetts,Norfolk County,,00000,42.131991891871955,-71.40685832369512,252563.05,116780.63,106273
f865c7b4-7620-9091-0b60-0d628e509470,2019-05-23,,999-41-3453,,,,Elvia127,Karly825,Kuhic920,,,,white,nonhispanic,F,East Bridgewater  Massachusetts  US,165 Cummerata Path,Fall River,Massachusetts,Bristol County,25005,02790,41.74609292720663,-71.1130504547369,651.40,12040.12,18127
47425fe8-d908-8303-2182-6260b14b84bd,1995-07-10,,999-81-1373,S99994651,X57367528X,Mr.,Chance908,Olen518,Vandervort697,,,M,white,nonhispanic,M,Mansfield  Massachusetts  US,895 Roberts Junction,Bourne,Massachusetts,Barnstable County,25001,02532,41.76894937878079,-70.63885739019467,102424.64,36301.09,46903
32aa79d4-e439-8157-09bc-db6432fb17c0,1952-10-02,,999-37-9815,S99993642,X11533738X,Mr.,Ben667,Tristan353,Little434,,,M,white,nonhispanic,M,Leominster  Massachusetts  US,629 Stamm Brook Unit 43,Somerville,Massachusetts,Middlesex County,25017,02138,42.333369232117334,-71.16296988530436,15459.04,402182.47,10662
811f4b8a-072e-cb18-fcf0-2d6949fe697f,1960-08-20,,999-42-8786,S99978238,X56333785X,Mr.,Carol737,Lincoln623,Trantow673,,,M,white,nonhispanic,M,Groton  Massachusetts  US,385 Wehner Wynd Suite 5,Sandwich,Massachusetts,Barnstable County,25001,02563,41.68297679589204,-70.5095164643741,141915.36,48236.72,33463
ad6fe6d9-5a5b-9d9b-15ff-f6fc74c32575,1942-02-17,,999-77-5509,S99966228,X2477044X,Mr.,Barney639,Gregory545,Wiza601,,,W,white,nonhispanic,M,Ocean Bluff-Brant Rock  Massachusetts  US,562 Rath Tunnel Unit 88,New Bedford,Massachusetts,Bristol County,25005,02747,41.664425003459904,-70.98593770456475,192864.39,494341.33,26455
554abde9-ff80-c838-0ca9-bf5f2e451661,1984-04-22,,999-97-5135,S99920699,X19944059X,Mr.,Arnoldo445,Kristopher775,Tillman293,,,S,white,nonhispanic,M,Revere  Massachusetts  US,924 Rolfson Light Unit 24,South Yarmouth,Massachusetts,Barnstable County,25001,02664,41.66471918579862,-70.22210942010608,172023.80,8069.50,41912
0a5d7d6a-e753-3c7a-8a62-961e19bc023c,2002-05-26,,999-61-8365,S99916546,X45186228X,Mr.,Luther918,Theron432,Connelly992,,,,asian,nonhispanic,M,Stow  Massachusetts  US,473 Morar Vale,Framingham,Massachusetts,Middlesex County,25017,01702,42.28480428401661,-71.39394306679964,44513.13,21970.31,46700
692c6f30-335e-95ec-6527-b59e149dbe4d,1968-11-10,,999-53-6041,S99982743,X83905501X,Ms.,Janice500,,Batz141,,,S,white,nonhispanic,F,Plymouth  Massachusetts  US,451 Lesch Way,Longmeadow,Massachusetts,Hampden County,25013,01106,42.02482471271579,-72.54800901135602,513041.42,265114.40,50537
61298ce3-d7fe-2e10-5d8b-6b850b3ccb6b,1984-03-02,,999-70-6803,S99981955,X75444665X,Mrs.,Kathern391,Willow678,Ruecker817,,Greenholt190,D,white,nonhispanic,F,Dedham  Massachusetts  US,1042 Johnson Glen,Worcester,Massachusetts,Worcester County,25027,01607,42.27957006504837,-71.83295413459369,244182.60,1526007.93,41464
09802887-af24-057d-d525-8e054ad55906,1969-10-14,,999-28-7707,S99932814,X47841516X,Mrs.,Kimiko714,Carylon722,Mayer370,,Zemlak964,D,white,nonhispanic,F,Longmeadow  Massachusetts  US,271 Dooley Common Suite 36,Norwell,Massachusetts,Plymouth County,,00000,42.14569022820165,-70.86425433775668,282885.85,355464.23,161092
84d61ea8-987d-df6d-38ea-eea378755883,2010-01-08,,999-77-8003,,,,Lois157,,Swift555,,,,white,nonhispanic,F,Boston  Massachusetts  US,886 McLaughlin Overpass,Millis-Clicquot,Massachusetts,Norfolk County,,00000,42.1553049139638,-71.32313007013404,54006.00,6358.05,183993
a4996a01-f167-d8cc-8a56-fa9e580b577e,1990-02-07,,999-99-5329,S99996484,X65016876X,Mrs.,Leena55,Elke785,Mante251,,Steuber698,M,white,nonhispanic,F,Falmouth  Massachusetts  US,979 Aufderhar Mews,Somerville,Massachusetts,Middlesex County,25017,02155,42.39773534059131,-71.06620186987345,151857.95,167765.37,39732
5d4744d8-2c89-03c3-f684-7f845c86b425,1975-04-16,,999-10-9648,S99958790,X12322961X,Mrs.,Audie868,Iraida50,Bahringer146,,Nikolaus26,M,white,nonhispanic,F,Yarmouth  Massachusetts  US,1073 Thiel Row Unit 49,Mansfield,Massachusetts,Bristol County,,00000,42.051904745825624,-71.23481656340826,259599.59,650963.72,134667
28f1a35f-2543-e71b-9305-9dcc2f12fb1e,1965-04-24,,999-56-3002,S99948385,X49797233X,Mrs.,Rachael540,Angelena945,Glover433,,Spencer878,M,black,nonhispanic,F,Springfield  Massachusetts  US,946 Stiedemann Rue Suite 89,Milford,Massachusetts,Worcester County,25027,01757,42.196511850348394,-71.56169225593497,298908.07,723455.91,28425
b67d0b26-735f-6ac7-4d95-8c1eb8889ffe,1997-06-25,,999-99-4194,S99926842,X4444590X,Mr.,Dee580,Damian46,Hoppe518,,,,white,nonhispanic,M,Lynn  Massachusetts  US,423 Rempel Meadow,Lawrence,Massachusetts,Essex County,25009,01840,42.661087558291314,-71.15671433312771,349437.54,289479.93,72444
3889a53d-2c6e-1b86-7456-4d222ef7a494,2022-03-12,,999-80-2381,,,,Ross213,Chet188,Littel644,,,,black,nonhispanic,M,Sandwich  Massachusetts  US,375 Kreiger Center Suite 76,Rockland,Massachusetts,Plymouth County,,00000,42.13881574649634,-70.92726106464384,7298.45,0.00,43922
95c54062-f25d-b2e9-e911-d3e8d9ee5016,1959-12-17,,999-23-9271,S99911151,X36597775X,Ms.,Stepanie29,Vella930,Corwin846,,,S,white,nonhispanic,F,Shrewsbury  Massachusetts  US,729 Wilkinson Union Unit 37,Shelburne,Massachusetts,Franklin County,,00000,42.619016737344495,-72.63506539696812,592842.39,127882.16,48585
b43ec30c-65a7-78b3-b0ff-fe4e78bca4c5,1974-09-08,,999-33-8399,S99918957,X16165701X,Mrs.,Leeanna836,Sena221,Emard19,,Boyle917,D,black,nonhispanic,F,Boston  Massachusetts  US,422 Farrell Manor Unit 18,Springfield,Massachusetts,Hampden County,25013,01105,42.169254730881065,-72.57019878212989,296522.66,604205.71,129355
cdb03244-3d9b-1b43-c281-e6c9fac24294,1950-05-22,,999-90-4117,S99950332,X6640114X,Ms.,Bennie663,Nana422,Runolfsdottir785,,,S,white,nonhispanic,F,Dennis  Massachusetts  US,963 Cassin Throughway Unit 75,Acton,Massachusetts,Middlesex County,,00000,42.45321276728506,-71.48176348017846,159007.11,701457.74,394819
302607a4-d4f7-1a2a-3ba8-68346c29ab63,2014-05-29,,999-62-4999,,,,Mauricio81,,Hettinger594,,,,white,nonhispanic,M,Southwick  Massachusetts  US,848 McGlynn Street,Brewster,Massachusetts,Barnstable County,25001,02631,41.76399347207951,-70.07732513523332,28821.32,13.99,167926
54a93033-d75f-e51e-9f36-02b714b76c4c,1956-12-18,,999-77-8609,S99953456,X50495636X,Ms.,Deborah357,,Shanahan202,,,S,white,hispanic,F,Montague  Massachusetts  US,507 Davis Station,Cambridge,Massachusetts,Middlesex County,25017,02139,42.41913823228989,-71.09951642142707,728810.54,343022.63,62596
312d8279-5673-096e-6d57-0628ad675256,2004-11-25,,999-37-7364,S99967222,X43919466X,Ms.,Rita460,Lucia634,Schamberger479,,,,white,nonhispanic,F,Waltham  Massachusetts  US,1053 Beier Boulevard,Cambridge,Massachusetts,Middlesex County,25017,02472,42.34723678124044,-71.12411426295145,17846.79,659005.15,39823
2e45e5c9-cc69-4c75-cee0-1230cedff262,1962-08-20,,999-65-3665,S99995910,X89381100X,Mrs.,Janis361,Judith460,Yost751,,Hilll811,M,white,nonhispanic,F,Wellesley  Massachusetts  US,716 Grady View,Taunton,Massachusetts,Bristol County,25005,02718,41.8544002665582,-71.08316020690485,147008.49,871397.53,32677
72d88c25-34e9-c6c9-2f46-7b4e64c085a6,1957-12-24,,999-39-8493,S99920391,X18396749X,Mr.,Erik495,,Ratke343,,,M,white,nonhispanic,M,Wilbraham  Massachusetts  US,563 Green Tunnel,Lynn,Massachusetts,Essex County,25009,01905,42.46627492949749,-70.93989388633473,164726.40,94211.67,73471
dc070c80-f0f1-3e2a-f96d-a066dbed4592,2007-02-28,,999-47-2355,S99973417,,Ms.,Dorothy355,Cecile401,Mohr916,,,,black,hispanic,F,Middleton  Massachusetts  US,1008 Ritchie Center,Reading,Massachusetts,Middlesex County,25017,01867,42.54899041234056,-71.11718838142151,38204.33,536.11,118289
b3203002-d28f-ab64-594f-c1ad4aac1a15,1971-12-09,,999-97-2864,S99951620,X71871001X,Mrs.,Nadene309,Cathrine584,Denesik803,,Stamm704,W,white,nonhispanic,F,Brockton  Massachusetts  US,891 Wilkinson Annex,Lowell,Massachusetts,Middlesex County,25017,01851,42.66707258679813,-71.30321210446614,15373.80,755492.84,1003
39ac8fa2-2e2c-cfa8-2e91-15f1bc10a553,2015-08-13,,999-22-3339,,,,Ariel183,Sherman440,Fay398,,,,white,nonhispanic,M,Wellfleet  Massachusetts  US,1052 Fadel Rest Unit 80,Everett,Massachusetts,Middlesex County,25017,02148,42.430324969590835,-71.02956662955202,9594.63,21422.02,81305
bdade2c3-3494-5dba-6364-bf19cd13e9f6,2024-10-31,,999-43-3923,,,,Stefani254,Wendolyn786,Kovacek682,,,,white,nonhispanic,F,Cohasset  Massachusetts  US,719 Ernser Lodge Suite 77,Swansea,Massachusetts,Bristol County,,00000,41.71822469910837,-71.18708677458956,100.00,1768.38,26339
851d7c83-05b5-299d-52ac-ceb986c4c6f7,2022-06-26,,999-37-5842,,,,Delora619,Annalee788,Schultz619,,,,white,nonhispanic,F,Brockton  Massachusetts  US,995 Hauck Alley,Reading,Massachusetts,Middlesex County,25017,01801,42.48127350090305,-71.17461887256225,7788.06,0.00,199720
dd501ee0-8d75-c3fe-5360-384ad0f16e89,2007-12-05,,999-42-3766,S99991583,,,Yajaira121,Kami26,Rippin620,,,,white,nonhispanic,F,Auburn  Massachusetts  US,142 O'Connell Frontage road,Woburn,Massachusetts,Middlesex County,25017,01801,42.519288605763755,-71.17302573040246,7903.20,86352.25,1405
d1cd7755-52e5-b648-473a-5f4f60243f1f,1970-06-24,2020-05-17,999-49-8610,S99912139,X58128959X,Mr.,Giuseppe872,,Hansen121,,,M,native,nonhispanic,M,Raynham  Massachusetts  US,626 Konopelski Lane Suite 11,Mattapoisett Center,Massachusetts,Plymouth County,,00000,41.68469829749441,-70.80877221584007,417433.64,86996.65,61453
7b3c16b2-819e-984b-3d31-49f5f1d8bf9c,2002-01-03,,999-26-8259,S99939677,X80504642X,Mr.,Mikel238,Perry780,Hammes673,,,,black,nonhispanic,M,Revere  Massachusetts  US,724 Greenholt Viaduct Apt 67,Fitchburg,Massachusetts,Worcester County,25027,01420,42.63001417860111,-71.8326914176693,131379.99,700766.59,35900
79ad02cb-f08e-26f4-d33e-3daf90317394,1966-09-24,1987-06-23,999-94-5815,S99992528,X11708081X,Ms.,Elza246,,Pollich983,,,,white,nonhispanic,F,Seekonk  Massachusetts  US,285 Brakus Gateway Apt 46,Boston,Massachusetts,Suffolk County,25025,02113,42.349353825048915,-71.1057101708346,55828.02,35461.38,850163
cb97d179-7e9a-3ce2-d69b-065d2a8f5e11,1981-10-07,,999-67-4271,S99977325,X102751X,Ms.,Hisako109,Jen355,Tillman293,,,S,white,nonhispanic,F,Walpole  Massachusetts  US,563 McGlynn Way,Spencer,Massachusetts,Worcester County,25027,01562,42.248930622595566,-72.02448228223588,198789.23,412428.17,75730
38097b88-f67d-9cc3-91f8-9254a276d983,1999-02-26,,999-48-6267,S99922714,X52023590X,Mr.,Loyd638,Carrol931,Cruickshank494,,,,white,nonhispanic,M,Smith Mills  Massachusetts  US,1027 Dare Alley Apt 63,North Adams,Massachusetts,Berkshire County,25003,01247,42.636971112104824,-73.14570519740728,8448.74,389410.36,8251
725580b3-ace6-1f09-56fc-3071ed108928,2024-04-13,,999-79-9535,,,,Jen355,,Glover433,,,,white,nonhispanic,F,Rockport  Massachusetts  US,1072 Wilkinson Crossing Unit 84,Groton,Massachusetts,Middlesex County,25017,01450,42.60275349532486,-71.60381682123312,4522.93,0.00,111598
ad1f7a44-36ec-c507-221f-e7666021107b,2014-04-17,,999-29-6417,,,,Earle679,Leland44,Thiel172,,,,white,nonhispanic,M,Greenfield  Massachusetts  US,595 Waelchi Row Suite 59,Auburn,Massachusetts,Worcester County,,00000,42.226878105433805,-71.8416956911614,11509.89,7425.47,47097
8ab316b9-3ec2-6f5f-0a4b-b45e2db92b2b,2023-07-23,,999-44-9235,,,,Rosemary734,Kimberely738,Hickle134,,,,white,nonhispanic,F,Hingham  Massachusetts  US,466 Anderson Fork,Malden,Massachusetts,Middlesex County,25017,02148,42.44695906708619,-71.08263445287506,400.00,5821.71,32824
09e31c1f-99fa-4952-d974-b69b7e66e354,1970-06-24,,999-10-4541,S99910889,X76209811X,Mr.,Simon598,Forest317,Sauer652,,,M,native,nonhispanic,M,Somerville  Massachusetts  US,592 Weimann Green,Mattapoisett Center,Massachusetts,Plymouth County,,00000,41.65729316542034,-70.8320132362244,169908.04,0.00,61453
16bfe4c5-9d57-2deb-566a-b30499d9fc61,2004-04-05,,999-91-6682,S99917053,X8261306X,Ms.,Laureen100,Reyna401,Goodwin327,,,,black,nonhispanic,F,Medway  Massachusetts  US,112 Mueller Manor Apt 76,Worcester,Massachusetts,Worcester County,25027,01604,42.30795680598388,-71.73135098221903,46672.38,116888.69,76039
2eea8382-3d44-395b-1816-a634fff24f30,1964-10-17,,999-96-8661,S99973539,X54420306X,Mr.,Lindsey52,Millard193,Weber641,,,M,black,hispanic,M,Marlborough  Massachusetts  US,700 Conroy Street,Boston,Massachusetts,Suffolk County,25025,02109,42.30983559694399,-71.0992284242471,385380.84,504456.96,85817
00687f99-035c-7a27-37f8-15e52d768326,1998-03-22,,999-81-5913,S99989971,X58275711X,Mr.,Louis204,Jimmy858,Spinka232,,,,white,nonhispanic,M,Boston  Massachusetts  US,100 Grady Corner Suite 48,Saugus,Massachusetts,Essex County,25009,01906,42.50819868113929,-70.99397808334284,28115.38,806261.17,150543
563a8f7c-a34f-7470-3878-965260653f3e,2001-07-12,,999-45-8374,S99926091,X63156444X,Ms.,Rikki26,,Wunsch504,,,,white,nonhispanic,F,Brookline  Massachusetts  US,1000 Pacocha Loaf Apt 43,Boston,Massachusetts,Suffolk County,25025,02114,42.29172960536767,-71.10338052259253,104029.65,127828.23,85391
05b05634-d5d1-8f73-b1ab-3784fcd9da2f,1957-10-27,2009-03-28,999-18-1563,S99925455,X62654126X,Mr.,Alex454,Kelley882,Brekke496,,,W,white,nonhispanic,M,Springfield  Massachusetts  US,812 Schuster Plaza,Falmouth,Massachusetts,Barnstable County,25001,02540,41.568113880482194,-70.59101986010549,167977.18,125720.84,144230
55f68b8d-f8f8-deff-ea9e-573da5ea17b5,1994-04-08,,999-11-9924,S99981742,X60750546X,Mrs.,Tennille443,Demetria799,Ruecker817,,Hauck852,M,white,nonhispanic,F,Boston  Massachusetts  US,117 Weissnat Lock Apt 52,Quincy,Massachusetts,Norfolk County,25021,02169,42.282573825268976,-71.0134658000021,209775.93,1124506.33,37173
966ff3eb-768f-27b8-f968-c331c70408e1,1997-07-27,,999-12-2865,S99952761,X14913859X,Ms.,Laure395,Alvera113,Strosin214,,,,white,nonhispanic,F,Newton  Massachusetts  US,717 Rath Plaza,Chester,Massachusetts,Hampden County,25003,01011,42.2506295149913,-72.98927550021148,150851.32,0.00,60079
72982b49-b688-d57a-2bff-33470185ab0b,2006-05-11,,999-99-2216,S99944392,,Ms.,Rubie803,Constance642,Parisian75,,,,native,hispanic,F,Georgetown  Massachusetts  US,767 Rath Knoll,Salisbury,Massachusetts,Essex County,25009,01952,42.84854142942602,-70.80337353493377,59815.24,5444.99,75188
92d4b92b-573c-2e30-2881-9cd9a7ef284f,1966-09-24,,999-22-9194,S99932730,X48779545X,Mrs.,Malia984,Madalene903,Rutherford999,,Heidenreich818,M,white,nonhispanic,F,Plainville  Massachusetts  US,212 Swift Rapid Suite 54,Boston,Massachusetts,Suffolk County,25025,02134,42.31129825510335,-71.17264872173844,179087.03,646261.85,850163
cee278b0-736c-3a8a-54db-76269c8c428d,1960-05-31,,999-94-4983,S99956495,X7906705X,Mrs.,Lady554,Janiece99,Effertz744,,Rippin620,M,white,nonhispanic,F,Halifax  Massachusetts  US,1020 Boehm Forge Apt 70,Rutland,Massachusetts,Worcester County,25027,01543,42.369890333477564,-71.92540553304566,403814.75,1060754.12,156078
bde05665-cac4-fa6d-90f6-bfe5146a030f,1957-10-27,,999-22-9578,S99948071,X52974515X,Mr.,Mac103,Maximo817,Ullrich385,,,M,white,nonhispanic,M,Fitchburg  Massachusetts  US,436 O'Keefe Byway Apt 55,Falmouth,Massachusetts,Barnstable County,25001,02540,41.552736498477586,-70.6070439637641,198894.31,18525.40,144230
c046acca-f1cf-f110-0e76-2d1e50e9d8d1,1996-07-03,,999-98-8799,S99954887,X69459779X,Mr.,Errol226,German382,Deckow585,,,M,white,nonhispanic,M,Easthampton  Massachusetts  US,237 Gleichner Ville,Foxborough,Massachusetts,Norfolk County,25021,02035,42.03121163768975,-71.22519096899335,80093.74,0.00,77272
0266efe2-0e1d-a2e5-43e7-21514b8223a7,1941-04-22,,999-71-9253,S99950571,X30630985X,Mr.,Tommie457,Jarod376,Graham902,,,M,white,nonhispanic,M,Burlington  Massachusetts  US,528 Metz View,Winchendon,Massachusetts,Worcester County,25027,01475,42.62247600617402,-72.06418546122782,280691.45,683937.79,92291
9e7a6cf9-71be-1f7a-1a9e-a8d8bc235bca,1947-03-29,,999-41-4921,S99978186,X77844899X,Mr.,Coleman27,Mikel238,Mante251,,,S,white,nonhispanic,M,North Reading  Massachusetts  US,329 Wiegand Corner Suite 49,Amesbury,Massachusetts,Essex County,25009,01913,42.842411284810424,-70.9719560013199,177577.82,122287.33,128784
45711ba7-5751-4897-012b-98b04b8cbff6,1966-01-18,,999-31-6836,S99951748,X79208393X,Mr.,Jimmy858,Gilbert263,Rogahn59,,,S,white,nonhispanic,M,Bellingham  Massachusetts  US,1014 Kutch Manor,Dartmouth,Massachusetts,Bristol County,,00000,41.53935737596975,-70.94350705590028,22444.50,961322.16,11905
8e3e55bd-64b3-53b6-6552-6036e08da2cc,1981-01-19,,999-56-2428,S99985010,X84094893X,Mr.,Clyde817,Renaldo199,Stark857,,,M,white,nonhispanic,M,New Bedford  Massachusetts  US,620 Simonis Crossing Apt 40,Hingham,Massachusetts,Plymouth County,25023,02043,42.225619029473904,-70.90214469546521,125206.91,41318.80,33767
5dc00495-1118-ca3d-4f9d-bf30398c0e12,1986-12-23,,999-78-3069,S99989463,X47268651X,Mr.,Hunter736,,Heller342,,,M,white,nonhispanic,M,Holden  Massachusetts  US,268 O'Reilly Bridge Suite 69,West Boylston,Massachusetts,Worcester County,,00000,42.371952962801345,-71.75914423713515,86931.77,67665.77,27060
3d3e6132-9e21-3c73-0375-fc7d86eaa6d9,1962-06-18,1991-03-25,999-51-5950,S99921282,X89829335X,Ms.,Marlene554,,Kovacek682,,,S,white,nonhispanic,F,Easthampton  Massachusetts  US,857 Block Lane Unit 40,Marshfield,Massachusetts,Plymouth County,25023,02050,42.06896227974741,-70.72704167875708,90662.31,333147.27,315719
82d8a206-7dc1-bdf7-84b2-1075a1fd3be8,1958-10-28,,999-76-7000,S99941337,X66078452X,Mr.,Jarrett354,Danilo179,Mosciski958,,,M,white,nonhispanic,M,Boston  Massachusetts  US,759 Halvorson Grove,Chicopee,Massachusetts,Hampden County,25013,01020,42.18275900778986,-72.5745397675165,18863.63,798467.24,4656
ea13dbae-81bd-6243-5c14-74679d80ebbb,1966-01-17,,999-32-9813,S99998800,X34266666X,Mr.,Alden634,Vincenzo126,Mann644,,,M,white,nonhispanic,M,Holbrook  Massachusetts  US,204 Reichert Haven,Brookline,Massachusetts,Norfolk County,25021,02446,42.37231169565768,-71.07293537106595,24576.50,304926.25,2755
866b4d4c-31ea-0e18-8a2a-d7bdd9c93977,2022-01-28,,999-30-7774,,,,Basilia559,Shawnta32,Beatty507,,,,white,nonhispanic,F,Boston  Massachusetts  US,753 Kutch Arcade,Lowell,Massachusetts,Middlesex County,25017,01854,42.62219081917861,-71.30233471054184,7710.60,0.00,57542
a4548729-268b-ff35-cf7c-3aca319b4df9,1997-06-25,,999-75-9620,S99984761,X42468973X,Mr.,Hassan290,Salvatore257,Schneider199,,,,white,nonhispanic,M,Boston  Massachusetts  US,856 Greenfelder Ranch,Boston,Massachusetts,Suffolk County,25025,02116,42.29994061600193,-71.0635602234113,60294.67,1582.53,144707
03c4da79-0550-0470-0cc6-a49f1894abeb,2009-08-22,,999-52-5610,,,,Colton403,Elias404,Gutkowski940,,,,white,nonhispanic,M,Medfield  Massachusetts  US,351 Ullrich Grove Unit 52,Swansea,Massachusetts,Bristol County,,00000,41.75367893165114,-71.2525382098113,36210.88,0.00,79008
4b31be76-84f5-b60e-1d3f-86f581cbe128,1957-10-09,,999-45-5232,S99972178,X75435772X,Mr.,Bradly656,Harlan808,Rempel203,,,D,white,nonhispanic,M,Beverly  Massachusetts  US,461 Lemke Bypass Apt 45,West Boylston,Massachusetts,Worcester County,,00000,42.32614667549113,-71.80468785440934,140802.63,24231.25,85476
1f9c665a-3fa6-e0a7-a460-6d2ea9d53657,1962-06-18,2008-12-31,999-66-5926,S99976533,X81042322X,Mrs.,Merlene950,Laurice873,Larson43,,Krajcik437,M,white,nonhispanic,F,Fall River  Massachusetts  US,944 Parisian Brook Suite 30,Marshfield,Massachusetts,Plymouth County,25023,02050,42.0938601781098,-70.72650905729459,256673.86,1153220.20,315719
590fc6ef-66e4-585c-b111-3c15e24f94e6,1997-01-28,,999-13-3097,S99993162,X81138387X,Mrs.,Elidia194,,Hayes766,,Zboncak558,M,white,nonhispanic,F,Fall River  Massachusetts  US,1018 Simonis Pathway Unit 21,Holbrook,Massachusetts,Norfolk County,25021,02368,42.14577028365228,-71.01716670012364,75930.71,280574.33,194338
5b028275-78ac-2497-716c-208ba0c3335e,1918-09-30,2014-08-18,999-19-6946,S99943689,X15663592X,Mrs.,Loree183,Elfriede680,Kris249,,DuBuque211,D,white,nonhispanic,F,Springfield  Massachusetts  US,388 Haley Vista,Adams,Massachusetts,Berkshire County,25003,01220,42.63920446530902,-73.1289043136714,745935.04,1040866.16,118001
a9114d64-a169-5754-34a8-be10adbb4c9d,1957-12-20,,999-87-9427,S99972955,X86907169X,Mrs.,Renee555,,Ratke343,,Bradtke547,M,asian,nonhispanic,F,Incheon  Incheon  KR,122 Jacobi Quay Unit 65,Norton,Massachusetts,Bristol County,,00000,41.93371575154199,-71.16469939804401,353006.70,1574020.94,32610
e47af100-bc3b-75ba-2793-12003197a79d,1968-12-03,,999-72-9624,S99945864,X80667936X,Mr.,Len277,Jeffery551,Bartoletti50,,,M,white,nonhispanic,M,Duxbury  Massachusetts  US,282 Schumm Neck,Worcester,Massachusetts,Worcester County,25027,01609,42.2625773656642,-71.84665224248225,154552.82,204161.75,32765
96379dd3-9b59-7d34-d853-8a00e00bb34b,1962-06-18,,999-95-2388,S99997387,X41300079X,Mrs.,Siobhan540,Jeanne553,Moore224,,Feil794,M,white,nonhispanic,F,Franklin  Massachusetts  US,302 Luettgen Green Suite 24,Marshfield,Massachusetts,Plymouth County,25023,02050,42.07102390267474,-70.71373544822882,241965.16,623242.84,315719
27d17e90-f411-a41e-82eb-747590088497,1933-04-08,2005-05-18,999-33-5267,S99965842,X63940746X,Mr.,Adrian111,,Metz686,,,S,black,nonhispanic,M,Swampscott  Massachusetts  US,744 Grant Bay,Hingham,Massachusetts,Plymouth County,25023,02043,42.17853445759488,-70.91874603632972,296425.25,3312569.03,596018
ae76ad47-e961-f269-0764-6ec33b3cd51b,1933-04-08,2020-10-11,999-22-6645,S99986122,X40344774X,Mr.,Daron260,Wiley422,Krajcik437,,,M,black,nonhispanic,M,Lynn  Massachusetts  US,730 Dach Fort,Hingham,Massachusetts,Plymouth County,25023,02043,42.18858214142383,-70.83110627871596,114896.31,1355024.02,596018
9a92321e-d487-9a82-9104-350bf296d7ec,1933-04-08,2010-04-24,999-15-1151,S99994815,X83772042X,Mr.,Brain142,Romeo514,Heathcote539,,,S,black,nonhispanic,M,Winthrop  Massachusetts  US,342 Dach Ville Apt 86,Hingham,Massachusetts,Plymouth County,25023,02043,42.26718629463064,-70.8763328452121,234777.92,223426.72,596018
f3ea421e-8501-2d88-6003-8e1f93e763bb,1918-09-30,1986-06-23,999-64-6164,S99993707,X51545149X,Mrs.,Charis952,Claude750,Jerde200,,Thiel172,M,white,nonhispanic,F,Boston  Massachusetts  US,323 Johns Dam,Adams,Massachusetts,Berkshire County,25003,01220,42.589021964436434,-73.16358618289108,1358687.74,163607.55,118001
41d05ab7-dc0e-25ed-4a60-de23d1cd1969,1933-04-08,1971-07-10,999-57-2553,S99915229,X35294267X,Mr.,Mary779,Geoffrey157,Rosenbaum794,,,M,black,nonhispanic,M,Attleboro  Massachusetts  US,890 D'Amore Run Apt 20,Hingham,Massachusetts,Plymouth County,25023,02043,42.21815528685554,-70.84420724839622,78421.86,57983.87,596018
c96ac207-3fd8-c2ed-c222-af4cb1b33087,1918-09-30,2008-05-07,999-18-7080,S99924196,X77843829X,Mrs.,Janine159,Mica978,Lockman863,,Rodriguez71,M,white,nonhispanic,F,Woburn  Massachusetts  US,109 Spinka Grove,Adams,Massachusetts,Berkshire County,25003,01220,42.576284458077296,-73.08971411857473,1238266.41,216871.90,118001
e30b6eca-f199-8cce-f319-4c073452fff2,1933-04-08,2024-12-30,999-17-1662,S99979146,X30142420X,Mr.,Maynard46,Wilber603,Ledner144,,,M,black,nonhispanic,M,Northfield  Massachusetts  US,352 Hintz Road,Hingham,Massachusetts,Plymouth County,25023,02043,42.25042735513817,-70.89976957812554,212605.18,227660.48,596018
2959a839-374b-7610-09d2-6e852a047d02,1918-09-30,1989-07-19,999-42-9789,S99910722,X72634821X,Mrs.,Christia477,,Bechtelar572,,Kshlerin58,M,white,nonhispanic,F,South Deerfield  Massachusetts  US,391 Shields Mill,Adams,Massachusetts,Berkshire County,25003,01220,42.6456920182286,-73.16751408385142,770998.87,175474.37,118001
cd6ad994-1b92-779f-ea8c-76e9f2cbaf92,1918-09-30,1996-09-11,999-52-7181,S99972404,X54157350X,Mrs.,Marge692,Hedwig986,Donnelly343,,Hane680,M,white,nonhispanic,F,Danvers  Massachusetts  US,1046 Hegmann Extension Suite 46,Adams,Massachusetts,Berkshire County,25003,01220,42.62189604166997,-73.14277006521019,654464.08,1103017.85,118001
bdc3a819-482f-41ba-2259-aa46f7d7dd4d,1918-09-30,,999-51-3347,S99987093,X44248482X,Mrs.,Dianne921,,Hirthe744,,Volkman526,M,white,nonhispanic,F,Fitchburg  Massachusetts  US,342 VonRueden View,Adams,Massachusetts,Berkshire County,25003,01220,42.60735883002538,-73.14022007951718,837168.95,198707.62,118001
8825fe65-a772-2482-4d53-2752fad0ec95,1933-04-08,2024-10-31,999-89-4600,S99970320,X4894600X,Mr.,Roland928,Philip822,Mraz590,,,M,black,nonhispanic,M,Buckland  Massachusetts  US,621 Fadel Street,Hingham,Massachusetts,Plymouth County,25023,02043,42.17653486049559,-70.85455642700718,66673.23,905314.11,596018
2c2c1895-8bb1-4fc3-e762-d91ef4596973,1933-04-08,1986-01-15,999-28-2171,S99953541,X57911132X,Mr.,Chang901,Ernie189,Robel940,,,M,black,nonhispanic,M,Marshfield  Massachusetts  US,249 Heathcote Mill Unit 46,Hingham,Massachusetts,Plymouth County,25023,02043,42.26355867969897,-70.9156806451464,302088.00,548779.07,596018
89f46f67-0a5c-a206-cd6d-d8d62d0b7d50,1933-04-08,1978-11-25,999-49-7441,S99958082,X36442171X,Mr.,Jeromy156,Marlin805,Pouros728,,,M,black,nonhispanic,M,Beverly  Massachusetts  US,183 Hyatt Alley,Hingham,Massachusetts,Plymouth County,25023,02043,42.19771879253499,-70.84449312270966,199738.10,514414.39,596018
bb564015-97ca-7c2b-66e6-d10b0503b82e,1933-04-08,2003-06-09,999-66-3590,S99970778,X32129249X,Mr.,Lloyd546,Otha286,Carter549,,,M,black,nonhispanic,M,Southbridge  Massachusetts  US,690 Parker Gate,Hingham,Massachusetts,Plymouth County,25023,02043,42.21394428996501,-70.87002341279697,193000.75,980682.77,596018
df8122e7-f7b2-3382-9bd5-b717c3278133,1933-04-08,,999-50-5883,S99995666,X63661080X,Mr.,Wilburn655,Maximo817,Shields502,,,M,black,nonhispanic,M,Greenfield  Massachusetts  US,524 O'Hara Route,Hingham,Massachusetts,Plymouth County,25023,02043,42.20705980062375,-70.84251108280237,130162.04,1920813.57,596018
